STATE/UT's,REGION
Jammu & Kashmir,NORTH INDIA
Himachal Pradesh,NORTH INDIA
Punjab,NORTH INDIA
Haryana,NORTH INDIA
Uttarakhand,NORTH INDIA
NCT of Delhi,NORTH INDIA
Chandigarh,NORTH INDIA
Uttar Pradesh,CENTRAL INDIA
Madhya Pradesh,CENTRAL INDIA
Chhattisgarh,CENTRAL INDIA
Gujarat,WEST INDIA
Maharashtra,WEST INDIA
Goa,WEST INDIA
Dadra & Nagar Haveli,WEST INDIA
Daman & Diu,WEST INDIA
Karnataka,SOUTH INDIA
Andhra Pradesh,SOUTH INDIA
Telangana,SOUTH INDIA
Kerala,SOUTH INDIA
Tamil Nadu,SOUTH INDIA
Puducherry,SOUTH INDIA
Lakshadweep,SOUTH INDIA
Bihar,EAST INDIA
Jharkhand,EAST INDIA
Odisha,EAST INDIA
West Bengal,EAST INDIA
Andaman & Nicobar Islands,EAST INDIA
Assam,NORTH EAST INDIA
Arunachal Pradesh,NORTH EAST INDIA
Manipur,NORTH EAST INDIA
Meghalaya,NORTH EAST INDIA
Mizoram,NORTH EAST INDIA
Sikkim,NORTH EAST INDIA
Nagaland,NORTH EAST INDIA
Tripura,NORTH EAST INDIA
Rajasthan,WEST INDIA
